[
  {
    "Sl. No.": 1,
    "Student No.": "07220002",
    "Student Name": "Dechen Peldon",
    "Presentation": 6.5,
    "Content": 9,
    "Viva": 9,
    "Report": 51.25,
    "Out of 100": 75.75,
    "Out of 20": 15.15
  },
  {
    "Sl. No.": 2,
    "Student No.": "07220004",
    "Student Name": "Dorji",
    "Presentation": 6,
    "Content": 9,
    "Viva": 9,
    "Report": 51.25,
    "Out of 100": 75.25,
    "Out of 20": 15.05
  },
  {
    "Sl. No.": 3,
    "Student No.": "07220005",
    "Student Name": "Ganga Mongar",
    "Presentation": 7,
    "Content": 8,
    "Viva": 9,
    "Report": 52.5,
    "Out of 100": 76.5,
    "Out of 20": 15.3
  },
  {
    "Sl. No.": 4,
    "Student No.": "07220006",
    "Student Name": "Karma Phuntsho",
    "Presentation": 7,
    "Content": 9,
    "Viva": 9,
    "Report": 56.25,
    "Out of 100": 81.25,
    "Out of 20": 16.25
  },
  {
    "Sl. No.": 5,
    "Student No.": "07220007",
    "Student Name": "Khandu Wangchuk",
    "Presentation": 6.5,
    "Content": 9,
    "Viva": 9,
    "Report": 56.25,
    "Out of 100": 80.75,
    "Out of 20": 16.15
  },
  {
    "Sl. No.": 6,
    "Student No.": "07220008",
    "Student Name": "Kharka Bdr Chettri",
    "Presentation": 6.5,
    "Content": 8,
    "Viva": 9,
    "Report": 50,
    "Out of 100": 73.5,
    "Out of 20": 14.7
  },
  {
    "Sl. No.": 7,
    "Student No.": "07220009",
    "Student Name": "Kinley Wangmo",
    "Presentation": 7,
    "Content": 8,
    "Viva": 9,
    "Report": 51.25,
    "Out of 100": 75.25,
    "Out of 20": 15.05
  },
  {
    "Sl. No.": 8,
    "Student No.": "07220010",
    "Student Name": "Kuenzang Dorji Wangchuk",
    "Presentation": 6,
    "Content": 8,
    "Viva": 9,
    "Report": 50,
    "Out of 100": 73,
    "Out of 20": 14.6
  },
  {
    "Sl. No.": 9,
    "Student No.": "07220011",
    "Student Name": "Kunga Choden",
    "Presentation": 7,
    "Content": 9,
    "Viva": 9,
    "Report": 56.25,
    "Out of 100": 81.25,
    "Out of 20": 16.25
  },
  {
    "Sl. No.": 10,
    "Student No.": "07220012",
    "Student Name": "Lekzin Wangmo",
    "Presentation": 6.5,
    "Content": 9,
    "Viva": 9,
    "Report": 51.25,
    "Out of 100": 75.75,
    "Out of 20": 15.15
  },
  {
    "Sl. No.": 11,
    "Student No.": "07220014",
    "Student Name": "Passang Dorji",
    "Presentation": 6,
    "Content": 9,
    "Viva": 9,
    "Report": 51.25,
    "Out of 100": 75.25,
    "Out of 20": 15.05
  },
  {
    "Sl. No.": 12,
    "Student No.": "07220015",
    "Student Name": "Passang Gyem",
    "Presentation": 5.5,
    "Content": 9,
    "Viva": 9,
    "Report": 51.25,
    "Out of 100": 74.75,
    "Out of 20": 14.95
  },
  {
    "Sl. No.": 13,
    "Student No.": "07220016",
    "Student Name": "Pem Lham Thingh",
    "Presentation": 6.5,
    "Content": 8,
    "Viva": 9,
    "Report": 50,
    "Out of 100": 73.5,
    "Out of 20": 14.7
  },
  {
    "Sl. No.": 14,
    "Student No.": "07220017",
    "Student Name": "Rinchen Dakpa",
    "Presentation": 6,
    "Content": 8,
    "Viva": 9,
    "Report": 50,
    "Out of 100": 73,
    "Out of 20": 14.6
  },
  {
    "Sl. No.": 15,
    "Student No.": "07220018",
    "Student Name": "Sangay Dorji",
    "Presentation": 6.5,
    "Content": 8,
    "Viva": 9,
    "Report": 51.25,
    "Out of 100": 74.75,
    "Out of 20": 14.95
  },
  {
    "Sl. No.": 16,
    "Student No.": "07220019",
    "Student Name": "Sither Dorji",
    "Presentation": 6,
    "Content": 8,
    "Viva": 9,
    "Report": 51.25,
    "Out of 100": 74.25,
    "Out of 20": 14.85
  },
  {
    "Sl. No.": 17,
    "Student No.": "07220020",
    "Student Name": "Sonam",
    "Presentation": 6.5,
    "Content": 8,
    "Viva": 9,
    "Report": 51.25,
    "Out of 100": 74.75,
    "Out of 20": 14.95
  },
  {
    "Sl. No.": 18,
    "Student No.": "07220021",
    "Student Name": "Sonam Choden",
    "Presentation": 6.5,
    "Content": 8,
    "Viva": 9,
    "Report": 52.5,
    "Out of 100": 76,
    "Out of 20": 15.2
  },
  {
    "Sl. No.": 19,
    "Student No.": "07220022",
    "Student Name": "Sonam Dawa Doya",
    "Presentation": 5.5,
    "Content": 8,
    "Viva": 9,
    "Report": 50,
    "Out of 100": 72.5,
    "Out of 20": 14.5
  },
  {
    "Sl. No.": 20,
    "Student No.": "07220023",
    "Student Name": "Sonam Wangyal Tshewang",
    "Presentation": 6,
    "Content": 9,
    "Viva": 9,
    "Report": 51.25,
    "Out of 100": 75.25,
    "Out of 20": 15.05
  },
  {
    "Sl. No.": 21,
    "Student No.": "07220024",
    "Student Name": "Suraj Rai",
    "Presentation": 7,
    "Content": 9,
    "Viva": 9,
    "Report": 51.25,
    "Out of 100": 76.25,
    "Out of 20": 15.25
  },
  {
    "Sl. No.": 22,
    "Student No.": "07220025",
    "Student Name": "Tashi Tshering Wangchuk",
    "Presentation": 6.5,
    "Content": 8,
    "Viva": 9,
    "Report": 51.25,
    "Out of 100": 74.75,
    "Out of 20": 14.95
  },
  {
    "Sl. No.": 23,
    "Student No.": "07220026",
    "Student Name": "Tenzin Choda",
    "Presentation": 6.5,
    "Content": 9,
    "Viva": 9,
    "Report": 51.25,
    "Out of 100": 75.75,
    "Out of 20": 15.15
  },
  {
    "Sl. No.": 24,
    "Student No.": "07220027",
    "Student Name": "Tshering Nidup",
    "Presentation": 6.5,
    "Content": 8,
    "Viva": 9,
    "Report": 52.5,
    "Out of 100": 76,
    "Out of 20": 15.2
  },
  {
    "Sl. No.": 25,
    "Student No.": "07220028",
    "Student Name": "Tshering Pema",
    "Presentation": 7,
    "Content": 8,
    "Viva": 9,
    "Report": 50,
    "Out of 100": 74,
    "Out of 20": 14.8
  },
  {
    "Sl. No.": 26,
    "Student No.": "07220029",
    "Student Name": "Tshering Wangmo",
    "Presentation": 6.5,
    "Content": 8,
    "Viva": 9,
    "Report": 50,
    "Out of 100": 73.5,
    "Out of 20": 14.7
  },
  {
    "Sl. No.": 27,
    "Student No.": "07220030",
    "Student Name": "Yangchen Dema",
    "Presentation": 6.5,
    "Content": 8,
    "Viva": 9,
    "Report": 51.25,
    "Out of 100": 74.75,
    "Out of 20": 14.95
  },
  {
    "Sl. No.": 28,
    "Student No.": "07210392",
    "Student Name": "Singye Wangchuk",
    "Presentation": 5.5,
    "Content": 8,
    "Viva": 9,
    "Report": 51.25,
    "Out of 100": 73.75,
    "Out of 20": 14.75
  },
  {
    "Sl. No.": 29,
    "Student No.": "07210402",
    "Student Name": "Tshering Samdrup",
    "Presentation": 5.5,
    "Content": 8,
    "Viva": 9,
    "Report": 50,
    "Out of 100": 72.5,
    "Out of 20": 14.5
  },
  {
    "Sl. No.": 30,
    "Student No.": "07220013",
    "Student Name": "Neten Dorji",
    "Presentation": 6.5,
    "Content": 8,
    "Viva": 9,
    "Report": 51.25,
    "Out of 100": 74.75,
    "Out of 20": 14.95
  },
  {
    "Sl. No.": 31,
    "Student No.": "07210381",
    "Student Name": "Dorji Tshering",
    "Presentation": 6,
    "Content": 8,
    "Viva": 9,
    "Report": 52.5,
    "Out of 100": 75.5,
    "Out of 20": 15.1
  },
  {
    "Sl. No.": 32,
    "Student No.": "07210384",
    "Student Name": "Kinzang Norbu",
    "Presentation": 6.5,
    "Content": 9,
    "Viva": 9,
    "Report": 50,
    "Out of 100": 74.5,
    "Out of 20": 14.9
  },
  {
    "Sl. No.": 33,
    "Student No.": "07210397",
    "Student Name": "Tashi Tshomo",
    "Presentation": 5,
    "Content": 9,
    "Viva": 9,
    "Report": 50,
    "Out of 100": 73,
    "Out of 20": 14.6
  },
  {
    "Sl. No.": 34,
    "Student No.": "07210406",
    "Student Name": "Yeshi Nidup Wangchuk",
    "Presentation": 6.5,
    "Content": 9,
    "Viva": 9,
    "Report": 50,
    "Out of 100": 74.5,
    "Out of 20": 14.9
  }
]